delivery_id,distance_km,prep_time_min,courier_wait_min,peak_hour,rainy_weather,stacked_order,actual_eta_min
ETA-00001,2.16,8.1,2.05,1,1,1,26.8
ETA-00002,3.0,13.11,4.18,1,0,0,26.2
ETA-00003,3.23,12.92,3.74,0,0,0,24.72
ETA-00004,3.34,16.0,5.5,0,0,0,28.23
ETA-00005,4.33,19.96,6.72,0,0,0,31.49
ETA-00006,5.91,22.79,2.18,0,0,0,34.32
ETA-00007,6.84,9.35,2.59,1,0,0,35.03
ETA-00008,7.37,12.81,4.91,1,0,1,47.58
ETA-00009,7.6,16.69,4.96,0,1,0,43.89
ETA-00010,2.44,17.67,6.82,0,0,0,27.54
ETA-00011,2.96,17.78,1.96,0,0,0,23.39
ETA-00012,2.72,20.93,2.6,0,0,0,24.58
ETA-00013,4.25,9.46,4.04,1,0,0,28.92
ETA-00014,4.4,14.15,5.5,1,0,0,34.8
ETA-00015,4.96,15.72,5.43,0,0,1,36.33
ETA-00016,6.88,17.76,2.61,0,0,0,38.09
ETA-00017,7.36,20.7,2.86,0,1,0,40.47
ETA-00018,7.27,21.07,3.72,0,0,0,43.08
ETA-00019,2.51,9.26,5.51,1,0,0,25.69
ETA-00020,3.27,12.24,5.63,1,0,0,28.75
ETA-00021,3.44,13.85,2.67,0,0,0,26.79
ETA-00022,3.9,16.08,4.4,0,0,1,32.93
ETA-00023,4.14,17.79,3.52,0,0,0,30.14
ETA-00024,5.89,21.69,4.33,0,0,0,36.82
ETA-00025,6.89,10.12,7.04,1,1,0,45.95
ETA-00026,6.12,13.28,2.86,1,0,0,37.01
ETA-00027,7.2,15.36,2.62,0,0,0,36.76
ETA-00028,1.88,19.02,5.05,0,0,0,23.25
ETA-00029,2.65,18.31,6.03,0,0,1,33.33
ETA-00030,3.05,22.56,6.32,0,0,0,29.06
ETA-00031,4.44,10.16,3.06,1,0,0,30.54
ETA-00032,4.0,11.7,2.44,1,0,0,31.31
ETA-00033,6.02,16.13,3.92,0,1,0,35.34
ETA-00034,6.72,18.99,4.37,0,0,0,38.74
ETA-00035,6.2,20.64,6.63,0,0,0,38.12
ETA-00036,7.51,22.2,2.03,0,0,1,46.56
ETA-00037,1.83,8.85,3.48,1,0,0,23.24
ETA-00038,2.2,11.65,5.29,1,0,0,26.87
ETA-00039,3.26,14.87,4.44,0,0,0,24.92
ETA-00040,3.81,17.55,5.56,0,0,0,28.81
ETA-00041,4.11,20.12,1.96,0,1,0,33.69
ETA-00042,5.99,20.28,2.88,0,0,0,36.63
ETA-00043,5.72,8.53,5.17,1,0,1,39.98
ETA-00044,6.81,13.54,5.81,1,0,0,40.19
ETA-00045,6.95,14.52,5.95,0,0,0,38.77
ETA-00046,2.29,17.89,3.47,0,0,0,21.76
ETA-00047,2.5,18.96,4.12,0,0,0,24.23
ETA-00048,2.89,21.79,4.14,0,0,0,26.88
ETA-00049,3.67,11.69,5.09,1,1,0,34.93
ETA-00050,4.83,10.6,7.1,1,0,1,41.21
ETA-00051,6.15,16.51,3.2,0,0,0,33.21
ETA-00052,6.13,16.05,3.2,0,0,0,32.4
ETA-00053,6.67,21.54,3.83,0,0,0,40.74
ETA-00054,7.48,21.69,6.11,0,0,0,46.42
ETA-00055,2.03,10.87,5.41,1,0,0,24.34
ETA-00056,3.35,12.72,2.58,1,0,0,28.97
ETA-00057,2.69,15.14,3.41,0,1,1,32.18
ETA-00058,3.54,19.04,3.46,0,0,0,26.59
ETA-00059,4.89,20.3,4.67,0,0,0,32.1
ETA-00060,6.04,20.98,6.29,0,0,0,39.92
ETA-00061,6.03,10.33,2.55,1,0,0,37.11
ETA-00062,6.41,13.26,2.88,1,0,0,37.21
ETA-00063,7.81,14.0,3.93,0,0,0,40.81
ETA-00064,1.31,17.03,6.2,0,0,1,29.38
ETA-00065,2.01,18.45,5.63,0,1,0,29.87
ETA-00066,3.92,23.52,2.24,0,0,0,28.54
ETA-00067,4.55,10.81,3.62,1,0,0,33.96
ETA-00068,4.98,10.43,4.93,1,0,0,32.87
ETA-00069,5.7,16.56,4.47,0,0,0,32.72
ETA-00070,5.56,17.41,5.64,0,0,0,36.17
ETA-00071,7.18,18.41,2.77,0,0,1,41.46
ETA-00072,7.53,23.62,4.09,0,0,0,41.11
ETA-00073,1.84,9.11,3.31,1,1,0,26.04
ETA-00074,2.86,11.45,5.68,1,0,0,28.69
ETA-00075,3.24,12.84,5.25,0,0,0,27.96
ETA-00076,4.66,17.38,3.17,0,0,0,31.03
ETA-00077,4.22,18.11,3.02,0,0,0,31.44
ETA-00078,5.89,23.44,5.1,0,0,1,41.55
ETA-00079,5.77,8.41,5.76,1,0,0,38.08
ETA-00080,6.71,12.88,5.41,1,0,0,42.92
ETA-00081,8.1,16.7,3.12,0,1,0,45.44
ETA-00082,1.24,18.15,3.06,0,0,0,22.42
ETA-00083,3.1,21.06,4.92,0,0,0,27.85
ETA-00084,3.78,20.43,5.94,0,0,0,33.55
ETA-00085,3.63,11.27,6.02,1,0,1,34.17
ETA-00086,5.19,11.31,1.55,1,0,0,30.34
ETA-00087,5.19,16.26,4.33,0,0,0,31.7
ETA-00088,6.36,16.8,5.26,0,0,0,37.69
ETA-00089,7.51,18.06,6.14,0,1,0,43.43
ETA-00090,8.24,21.06,5.32,0,0,0,44.98
ETA-00091,2.29,9.25,2.71,1,0,0,23.06
ETA-00092,2.48,12.71,2.91,1,0,1,30.47
ETA-00093,2.6,16.5,4.38,0,0,0,26.02
ETA-00094,4.41,17.88,4.93,0,0,0,29.5
ETA-00095,5.0,18.92,5.73,0,0,0,36.41
ETA-00096,5.78,21.2,2.12,0,0,0,34.41
ETA-00097,6.0,9.18,2.65,1,1,0,36.62
ETA-00098,7.51,13.11,5.11,1,0,0,43.66
ETA-00099,7.25,14.99,4.2,0,0,1,41.54
ETA-00100,1.84,17.52,6.41,0,0,0,24.68
ETA-00101,2.56,18.45,2.45,0,0,0,25.95
ETA-00102,3.79,20.68,2.57,0,0,0,28.95
ETA-00103,4.25,9.34,4.94,1,0,0,32.38
ETA-00104,5.01,11.3,4.6,1,0,0,31.68
ETA-00105,5.07,14.7,6.8,0,1,0,34.42
ETA-00106,6.02,17.72,1.89,0,0,1,38.92
ETA-00107,6.84,18.58,3.71,0,0,0,35.93
ETA-00108,7.93,23.08,3.51,0,0,0,43.25
ETA-00109,1.46,11.83,5.24,1,0,0,21.62
ETA-00110,2.27,13.79,6.01,1,0,0,29.46
ETA-00111,3.6,16.75,2.69,0,0,0,28.87
ETA-00112,4.64,17.65,3.84,0,0,0,31.31
ETA-00113,5.25,19.79,5.09,0,1,1,43.18
ETA-00114,5.41,21.04,4.69,0,0,0,36.65
ETA-00115,6.55,10.09,6.35,1,0,0,38.73
ETA-00116,6.22,11.54,2.04,1,0,0,34.71
ETA-00117,7.61,13.35,2.86,0,0,0,38.64
ETA-00118,2.26,15.46,4.12,0,0,0,23.38
ETA-00119,2.52,18.43,5.04,0,0,0,28.17
ETA-00120,3.48,22.78,6.81,0,0,1,38.1
ETA-00121,3.87,8.02,2.2,1,1,0,30.75
ETA-00122,5.28,14.21,3.24,1,0,0,36.22
ETA-00123,5.52,15.21,3.74,0,0,0,31.42
ETA-00124,6.05,15.32,4.87,0,0,0,36.43
ETA-00125,6.71,18.26,6.03,0,0,0,38.08
ETA-00126,7.73,20.11,2.29,0,0,0,40.9
ETA-00127,1.24,10.57,2.67,1,0,1,24.21
ETA-00128,1.98,11.92,3.72,1,0,0,23.28
ETA-00129,3.74,14.32,5.7,0,1,0,32.93
ETA-00130,3.68,15.53,5.14,0,0,0,28.72
ETA-00131,5.5,19.0,2.8,0,0,0,35.03
ETA-00132,5.68,23.02,4.3,0,0,0,35.83
ETA-00133,5.43,8.61,3.55,1,0,0,34.05
ETA-00134,6.95,11.27,5.6,1,0,1,46.39
ETA-00135,7.05,15.23,6.6,0,0,0,38.22
ETA-00136,2.43,19.06,1.72,0,0,0,20.79
ETA-00137,2.37,20.31,4.32,0,1,0,27.96
ETA-00138,3.67,20.3,4.68,0,0,0,30.86
ETA-00139,3.45,11.09,5.9,1,0,0,30.8
ETA-00140,4.18,14.34,6.67,1,0,0,33.95
ETA-00141,5.34,14.28,2.51,0,0,1,34.05
ETA-00142,6.67,18.49,2.61,0,0,0,39.15
ETA-00143,7.05,20.91,4.71,0,0,0,40.68
ETA-00144,7.9,23.86,4.74,0,0,0,46.53
ETA-00145,2.01,9.93,5.97,1,1,0,29.13
ETA-00146,2.3,13.81,3.16,1,0,0,23.42
ETA-00147,3.92,13.78,3.33,0,0,0,27.4
ETA-00148,3.87,15.31,5.0,0,0,1,31.4
ETA-00149,4.32,20.79,4.88,0,0,0,34.54
ETA-00150,5.75,21.11,5.12,0,0,0,39.67
ETA-00151,5.53,10.88,2.48,1,0,0,34.86
ETA-00152,7.14,12.98,3.38,1,0,0,41.78
ETA-00153,6.94,13.69,4.68,0,1,0,39.02
ETA-00154,2.07,17.09,5.26,0,0,0,23.97
ETA-00155,3.02,18.92,6.51,0,0,1,32.19
ETA-00156,2.98,20.48,1.89,0,0,0,23.75
ETA-00157,4.1,11.05,2.77,1,0,0,28.06
ETA-00158,4.73,13.3,5.25,1,0,0,34.8
ETA-00159,5.12,13.2,4.59,0,0,0,30.08
ETA-00160,5.67,15.26,6.17,0,0,0,34.37
ETA-00161,7.56,19.81,2.89,0,1,0,41.18
ETA-00162,8.1,21.96,4.15,0,0,1,48.7
ETA-00163,1.9,9.76,3.67,1,0,0,20.64
ETA-00164,3.31,12.31,5.84,1,0,0,29.86
ETA-00165,2.71,15.32,5.21,0,0,0,23.73
ETA-00166,4.14,16.42,3.49,0,0,0,26.96
ETA-00167,5.15,20.03,3.98,0,0,0,32.69
ETA-00168,5.48,21.8,4.19,0,0,0,37.87
ETA-00169,6.89,9.22,5.44,1,1,1,46.95
ETA-00170,7.21,14.19,5.52,1,0,0,41.56
ETA-00171,7.79,13.43,1.85,0,0,0,35.23
ETA-00172,1.2,17.0,3.59,0,0,0,19.06
ETA-00173,2.25,20.43,4.71,0,0,0,25.68
ETA-00174,3.63,23.7,5.78,0,0,0,33.25
ETA-00175,4.29,11.73,5.95,1,0,0,33.46
ETA-00176,4.97,14.03,3.15,1,0,1,35.81
ETA-00177,4.95,14.03,3.9,0,1,0,33.61
ETA-00178,5.83,15.7,4.68,0,0,0,35.85
ETA-00179,7.51,19.6,5.19,0,0,0,40.17
ETA-00180,6.86,21.73,5.74,0,0,0,40.46
ETA-00181,1.34,11.85,3.17,1,0,0,22.02
ETA-00182,3.33,14.4,3.74,1,0,0,28.32
ETA-00183,2.66,15.83,4.24,0,0,1,29.54
ETA-00184,4.67,15.93,5.37,0,0,0,32.65
ETA-00185,4.74,17.96,5.8,0,1,0,35.26
ETA-00186,5.71,23.43,2.16,0,0,0,36.66
ETA-00187,5.83,11.78,4.03,1,0,0,36.55
ETA-00188,6.78,11.66,3.95,1,0,0,41.47
ETA-00189,7.41,14.86,6.18,0,0,0,41.51
ETA-00190,2.01,16.85,5.48,0,0,1,27.65
ETA-00191,3.03,20.1,3.02,0,0,0,25.17
ETA-00192,3.42,23.71,3.28,0,0,0,30.71
ETA-00193,3.48,11.89,4.52,1,1,0,30.8
ETA-00194,4.24,12.6,5.3,1,0,0,30.85
ETA-00195,6.19,16.45,6.02,0,0,0,35.6
ETA-00196,6.65,17.19,2.93,0,0,0,36.53
ETA-00197,6.51,20.94,4.36,0,0,1,41.85
ETA-00198,7.63,21.53,5.14,0,0,0,43.51
ETA-00199,2.52,11.46,4.75,1,0,0,27.99
ETA-00200,2.52,14.14,6.12,1,0,0,30.59
ETA-00201,3.02,13.99,2.67,0,1,0,28.66
ETA-00202,4.03,15.79,3.48,0,0,0,27.46
ETA-00203,4.83,19.77,4.21,0,0,0,32.27
ETA-00204,4.98,22.79,5.34,0,0,1,38.77
ETA-00205,6.56,8.17,6.59,1,0,0,40.27
ETA-00206,7.32,11.94,2.83,1,0,0,41.52
ETA-00207,8.27,14.78,2.47,0,0,0,40.02
ETA-00208,2.09,18.68,5.05,0,0,0,24.63
ETA-00209,2.69,19.43,5.64,0,1,0,29.81
ETA-00210,3.58,20.62,6.04,0,0,0,33.66
ETA-00211,3.81,10.77,2.8,1,0,1,34.34
ETA-00212,5.28,13.84,3.16,1,0,0,33.82
ETA-00213,5.78,15.84,5.04,0,0,0,32.76
ETA-00214,5.5,17.72,6.04,0,0,0,38.45
ETA-00215,7.22,19.34,5.3,0,0,0,42.02
ETA-00216,8.11,21.77,2.89,0,0,0,45.06
ETA-00217,1.27,11.18,2.99,1,1,0,22.93
ETA-00218,2.12,12.52,4.43,1,0,1,31.06
ETA-00219,2.85,13.12,5.94,0,0,0,26.18
ETA-00220,3.66,18.85,5.39,0,0,0,29.99
ETA-00221,4.38,18.62,1.52,0,0,0,30.35
ETA-00222,6.05,22.71,2.72,0,0,0,36.63
ETA-00223,5.92,10.35,4.58,1,0,0,36.05
ETA-00224,6.48,13.78,4.6,1,0,0,39.15
ETA-00225,7.52,13.75,6.24,0,1,1,47.69
ETA-00226,2.69,16.38,3.46,0,0,0,25.12
ETA-00227,2.31,19.86,3.77,0,0,0,26.21
ETA-00228,2.67,22.43,4.29,0,0,0,29.75
ETA-00229,3.73,11.2,5.41,1,0,0,30.03
ETA-00230,4.95,12.88,6.46,1,0,0,37.36
ETA-00231,5.69,16.15,2.76,0,0,0,34.91
ETA-00232,6.37,16.44,3.28,0,0,1,40.09
ETA-00233,7.2,17.96,3.89,0,1,0,43.24
ETA-00234,7.06,20.53,5.28,0,0,0,43.73
ETA-00235,2.0,11.65,6.76,1,0,0,25.61
ETA-00236,3.14,12.33,3.11,1,0,0,28.61
ETA-00237,3.11,13.26,4.33,0,0,0,23.21
ETA-00238,4.75,18.64,4.75,0,0,0,35.29
ETA-00239,5.45,20.82,4.93,0,0,1,41.75
ETA-00240,4.72,22.15,6.01,0,0,0,36.37
ETA-00241,6.41,10.34,3.14,1,1,0,41.45
ETA-00242,6.26,11.34,2.45,1,0,0,37.94
ETA-00243,7.64,16.46,3.74,0,0,0,37.77
ETA-00244,2.44,18.84,4.8,0,0,0,25.4
ETA-00245,2.11,21.39,5.71,0,0,0,26.77
ETA-00246,2.75,23.55,1.77,0,0,1,30.08
ETA-00247,4.31,10.97,4.29,1,0,0,31.05
ETA-00248,5.11,11.02,4.13,1,0,0,31.81
ETA-00249,5.43,14.43,6.1,0,1,0,34.58
ETA-00250,5.96,16.97,7.0,0,0,0,39.69
ETA-00251,6.25,20.34,2.59,0,0,0,38.75
ETA-00252,7.34,21.59,2.78,0,0,0,38.58
ETA-00253,2.47,9.82,4.63,1,0,1,30.35
ETA-00254,2.8,10.49,5.77,1,0,0,26.61
ETA-00255,2.79,15.06,5.24,0,0,0,26.97
ETA-00256,3.61,16.06,3.24,0,0,0,25.98
ETA-00257,4.22,21.2,2.41,0,1,0,34.68
ETA-00258,4.92,20.52,3.8,0,0,0,31.78
ETA-00259,6.39,8.1,4.23,1,0,0,38.01
ETA-00260,6.46,11.7,5.45,1,0,1,41.36
ETA-00261,7.91,14.9,2.99,0,0,0,39.3
ETA-00262,2.37,17.25,2.62,0,0,0,22.99
ETA-00263,3.32,17.77,4.87,0,0,0,30.01
ETA-00264,3.38,21.83,6.13,0,0,0,29.12
ETA-00265,4.02,9.61,6.47,1,1,0,34.46
ETA-00266,5.36,10.69,1.66,1,0,0,32.76
ETA-00267,4.8,13.9,3.67,0,0,1,34.28
ETA-00268,5.89,19.18,4.36,0,0,0,36.08
ETA-00269,7.01,18.0,5.6,0,0,0,42.13
ETA-00270,7.78,23.08,6.54,0,0,0,44.47
ETA-00271,1.88,8.91,2.18,1,0,0,20.87
ETA-00272,2.52,10.78,3.25,1,0,0,25.71
ETA-00273,3.16,13.41,5.15,0,1,0,26.4
ETA-00274,4.55,15.57,4.39,0,0,1,35.86
ETA-00275,5.22,19.83,6.27,0,0,0,36.56
ETA-00276,5.19,20.49,2.21,0,0,0,33.63
ETA-00277,6.53,11.47,3.84,1,0,0,40.5
ETA-00278,7.0,11.81,4.46,1,0,0,38.89
ETA-00279,7.79,13.7,4.42,0,0,0,41.52
ETA-00280,1.75,18.25,6.25,0,0,0,26.3
ETA-00281,3.17,21.5,3.14,0,1,1,35.1
ETA-00282,3.56,20.11,4.26,0,0,0,31.07
ETA-00283,3.7,8.72,4.71,1,0,0,27.98
ETA-00284,4.51,10.42,5.94,1,0,0,33.65
ETA-00285,5.3,13.37,6.37,0,0,0,31.33
ETA-00286,6.52,16.06,2.34,0,0,0,34.25
ETA-00287,6.66,20.49,3.95,0,0,0,39.26
ETA-00288,6.93,20.21,3.61,0,0,1,44.02
ETA-00289,2.21,9.09,5.52,1,1,0,27.74
ETA-00290,2.56,11.49,6.61,1,0,0,26.42
ETA-00291,3.24,13.93,2.86,0,0,0,24.32
ETA-00292,4.3,15.38,3.19,0,0,0,29.12
ETA-00293,4.01,18.81,3.72,0,0,0,27.93
ETA-00294,5.08,21.31,4.22,0,0,0,35.87
ETA-00295,5.66,9.52,6.51,1,0,1,41.09
ETA-00296,7.35,13.62,1.64,1,0,0,41.5
ETA-00297,6.86,12.87,4.24,0,1,0,40.78
ETA-00298,2.06,17.49,4.72,0,0,0,23.59
ETA-00299,2.07,17.68,4.85,0,0,0,25.74
ETA-00300,3.53,23.33,6.94,0,0,0,31.13
ETA-00301,4.57,8.97,2.68,1,0,0,30.04
ETA-00302,4.59,11.64,3.08,1,0,1,34.8
ETA-00303,4.95,14.84,3.53,0,0,0,30.75
ETA-00304,6.76,16.6,5.65,0,0,0,40.61
ETA-00305,7.32,18.55,5.39,0,1,0,42.48
ETA-00306,7.7,23.04,2.81,0,0,0,40.65
ETA-00307,2.36,9.98,3.91,1,0,0,25.93
ETA-00308,2.57,14.1,4.43,1,0,0,28.28
ETA-00309,3.54,16.26,5.45,0,0,1,31.05
ETA-00310,3.4,16.97,5.71,0,0,0,27.69
ETA-00311,4.08,19.63,2.12,0,0,0,28.65
ETA-00312,4.79,23.33,2.55,0,0,0,34.96
ETA-00313,6.68,10.46,4.31,1,1,0,41.01
ETA-00314,6.93,13.57,5.99,1,0,0,42.03
ETA-00315,8.01,15.41,5.74,0,0,0,42.31
ETA-00316,1.43,15.45,1.71,0,0,1,24.52
ETA-00317,2.42,20.46,3.41,0,0,0,23.64
ETA-00318,2.97,21.75,4.18,0,0,0,28.37
ETA-00319,3.54,9.49,4.77,1,0,0,28.38
ETA-00320,4.51,12.79,6.68,1,0,0,35.79
ETA-00321,4.8,13.18,2.86,0,1,0,30.41
ETA-00322,6.49,17.83,4.21,0,0,0,39.3
ETA-00323,6.6,19.93,3.58,0,0,1,41.5
ETA-00324,8.25,22.79,4.98,0,0,0,46.29
ETA-00325,2.61,9.24,5.85,1,0,0,28.27
ETA-00326,3.12,13.08,3.16,1,0,0,28.9
ETA-00327,3.63,14.91,3.69,0,0,0,26.4
ETA-00328,3.84,16.65,3.66,0,0,0,26.76
ETA-00329,5.42,19.55,4.65,0,1,0,36.07
ETA-00330,4.82,23.38,5.3,0,0,1,41.19
ETA-00331,6.65,11.53,1.58,1,0,0,35.71
ETA-00332,7.25,10.92,3.15,1,0,0,37.84
ETA-00333,8.05,15.88,4.92,0,0,0,40.36
ETA-00334,1.86,16.84,5.55,0,0,0,22.53
ETA-00335,2.57,18.74,6.6,0,0,0,27.58
ETA-00336,3.4,21.24,3.12,0,0,0,28.25
ETA-00337,4.55,9.47,4.29,1,1,1,40.65
ETA-00338,4.69,11.53,4.06,1,0,0,32.82
ETA-00339,6.15,16.07,5.8,0,0,0,35.21
ETA-00340,5.78,17.76,6.85,0,0,0,37.85
ETA-00341,6.25,20.98,3.2,0,0,0,36.12
ETA-00342,7.94,21.09,4.21,0,0,0,41.63
ETA-00343,1.86,11.79,3.74,1,0,0,23.49
ETA-00344,2.42,10.51,4.31,1,0,1,29.52
ETA-00345,2.95,16.78,5.85,0,1,0,27.7
ETA-00346,4.7,18.56,2.8,0,0,0,32.4
ETA-00347,4.21,18.75,4.06,0,0,0,31.62
ETA-00348,4.91,22.82,4.2,0,0,0,32.3
ETA-00349,5.52,9.02,5.87,1,0,0,36.0
ETA-00350,7.19,12.51,5.32,1,0,0,40.95
ETA-00351,7.25,12.99,2.34,0,0,1,41.5
ETA-00352,1.89,15.64,4.21,0,0,0,22.67
ETA-00353,1.92,19.66,3.78,0,1,0,24.52
ETA-00354,3.24,22.46,4.68,0,0,0,29.45
ETA-00355,4.3,8.34,7.05,1,0,0,30.57
ETA-00356,4.79,12.43,3.48,1,0,0,33.15
ETA-00357,5.29,14.68,3.67,0,0,0,34.21
ETA-00358,5.78,15.26,4.88,0,0,1,38.0
ETA-00359,7.2,20.11,5.74,0,0,0,43.21
ETA-00360,7.3,20.18,6.19,0,0,0,44.35
ETA-00361,1.46,11.12,2.43,1,1,0,24.59
ETA-00362,2.85,13.65,2.53,1,0,0,27.94
ETA-00363,3.29,13.97,3.39,0,0,0,23.53
ETA-00364,3.36,18.93,5.23,0,0,0,31.59
ETA-00365,4.81,18.61,6.61,0,0,1,37.29
ETA-00366,5.24,23.12,3.23,0,0,0,34.21
ETA-00367,5.59,9.47,4.18,1,0,0,35.87
ETA-00368,7.44,11.95,5.25,1,0,0,42.45
ETA-00369,7.55,16.5,5.24,0,1,0,45.15
ETA-00370,2.29,15.52,6.3,0,0,0,26.86
ETA-00371,2.72,18.88,1.66,0,0,0,24.73
ETA-00372,3.06,22.41,3.25,0,0,1,33.04
ETA-00373,3.83,8.17,5.04,1,0,0,28.65
ETA-00374,5.5,11.5,6.16,1,0,0,39.31
ETA-00375,4.81,15.35,5.83,0,0,0,34.07
ETA-00376,6.42,19.01,1.79,0,0,0,36.11
ETA-00377,7.27,17.74,2.53,0,1,0,42.29
ETA-00378,7.35,21.53,4.43,0,0,0,42.49
ETA-00379,2.22,11.8,4.94,1,0,1,31.35
ETA-00380,2.76,12.52,5.9,1,0,0,29.55
ETA-00381,2.97,13.25,2.97,0,0,0,23.34
ETA-00382,3.88,17.45,2.92,0,0,0,26.81
ETA-00383,4.67,21.59,3.87,0,0,0,35.26
ETA-00384,5.44,20.49,5.91,0,0,0,36.66
ETA-00385,6.75,9.78,5.28,1,1,0,42.89
ETA-00386,7.37,11.68,2.19,1,0,1,41.3
ETA-00387,7.61,16.37,4.1,0,0,0,41.21
ETA-00388,2.59,17.75,4.89,0,0,0,25.96
ETA-00389,2.08,18.4,4.48,0,0,0,25.71
ETA-00390,2.64,22.22,5.84,0,0,0,30.46
ETA-00391,4.13,10.45,1.67,1,0,0,27.35
ETA-00392,5.5,13.28,3.45,1,0,0,36.78
ETA-00393,5.94,13.1,5.24,0,1,1,41.94
ETA-00394,6.07,17.92,4.89,0,0,0,38.67
ETA-00395,7.27,20.16,5.46,0,0,0,44.35
ETA-00396,7.45,23.64,1.61,0,0,0,38.8
ETA-00397,1.43,8.66,3.05,1,0,0,21.42
ETA-00398,2.42,14.16,5.09,1,0,0,29.48
ETA-00399,2.98,15.34,5.3,0,0,0,24.54
ETA-00400,3.75,17.33,6.11,0,0,1,32.87
ETA-00401,5.41,18.22,2.82,0,1,0,36.71
ETA-00402,5.61,23.37,3.53,0,0,0,38.21
ETA-00403,5.44,8.18,4.58,1,0,0,34.35
ETA-00404,7.08,13.47,5.03,1,0,0,42.53
ETA-00405,7.55,15.31,5.68,0,0,0,43.19
ETA-00406,1.92,18.42,2.87,0,0,0,21.31
ETA-00407,2.01,17.84,3.28,0,0,1,26.73
ETA-00408,2.91,22.43,3.93,0,0,0,29.24
ETA-00409,4.4,11.44,6.15,1,1,0,34.38
ETA-00410,4.56,12.65,5.74,1,0,0,34.13
ETA-00411,5.1,13.79,1.69,0,0,0,27.99
ETA-00412,5.98,17.66,2.9,0,0,0,36.42
ETA-00413,6.34,18.91,4.46,0,0,0,36.74
ETA-00414,7.94,21.99,5.23,0,0,1,48.81
ETA-00415,1.66,8.09,6.99,1,0,0,24.4
ETA-00416,3.35,11.26,2.21,1,0,0,24.49
ETA-00417,3.34,16.33,3.71,0,1,0,28.99
ETA-00418,4.11,18.59,4.16,0,0,0,32.26
ETA-00419,5.09,20.66,4.93,0,0,0,34.52
ETA-00420,5.56,20.78,6.21,0,0,0,35.54
ETA-00421,6.16,11.06,2.06,1,0,1,41.77
ETA-00422,7.12,10.88,4.35,1,0,0,39.65
ETA-00423,7.99,14.16,5.18,0,0,0,42.58
ETA-00424,1.5,17.24,5.2,0,0,0,20.31
ETA-00425,2.11,18.93,6.05,0,1,0,28.39
ETA-00426,3.51,22.06,2.16,0,0,0,28.82
ETA-00427,3.54,11.96,3.88,1,0,0,28.14
ETA-00428,4.5,13.71,4.36,1,0,1,38.49
ETA-00429,5.15,16.06,4.94,0,0,0,34.01
ETA-00430,6.87,17.53,6.69,0,0,0,41.83
ETA-00431,7.13,17.71,2.45,0,0,0,40.11
ETA-00432,7.97,23.1,3.56,0,0,0,44.91
ETA-00433,2.08,8.68,4.56,1,1,0,26.96
ETA-00434,3.16,10.99,5.56,1,0,0,26.7
ETA-00435,4.02,13.24,5.14,0,0,1,31.71
ETA-00436,3.53,17.96,2.32,0,0,0,27.99
ETA-00437,5.38,21.09,3.87,0,0,0,32.96
ETA-00438,4.91,20.83,3.95,0,0,0,34.46
ETA-00439,6.19,9.26,4.55,1,0,0,38.81
ETA-00440,6.61,11.82,6.64,1,0,0,42.19
ETA-00441,7.76,15.57,2.72,0,1,0,40.07
ETA-00442,1.57,17.43,2.85,0,0,1,27.24
ETA-00443,2.35,18.76,3.71,0,0,0,25.59
ETA-00444,3.08,21.4,6.07,0,0,0,31.62
ETA-00445,3.71,8.49,6.45,1,0,0,29.82
ETA-00446,5.47,13.67,3.41,1,0,0,37.0
ETA-00447,5.14,13.95,3.83,0,0,0,30.39
ETA-00448,6.06,16.23,4.26,0,0,0,33.93
ETA-00449,6.91,21.33,5.59,0,1,1,46.44
ETA-00450,7.72,22.35,5.58,0,0,0,45.36
ETA-00451,2.0,10.55,1.6,1,0,0,21.25
ETA-00452,2.98,10.8,3.94,1,0,0,24.47
ETA-00453,3.43,16.52,4.11,0,0,0,29.44
ETA-00454,4.62,17.11,4.6,0,0,0,33.98
ETA-00455,4.48,20.18,6.92,0,0,0,32.64
ETA-00456,5.56,22.14,2.95,0,0,1,41.64
ETA-00457,6.77,8.7,4.16,1,1,0,38.92
ETA-00458,7.48,14.39,4.09,1,0,0,42.62
ETA-00459,8.2,16.65,6.05,0,0,0,45.74
ETA-00460,1.21,17.47,5.31,0,0,0,24.31
ETA-00461,2.33,21.56,2.59,0,0,0,24.73
ETA-00462,4.01,23.4,3.34,0,0,0,29.93
ETA-00463,3.47,8.65,4.22,1,0,1,30.63
ETA-00464,4.28,13.35,5.78,1,0,0,34.12
ETA-00465,5.84,13.5,6.81,0,1,0,40.39
ETA-00466,6.64,17.26,1.67,0,0,0,36.2
ETA-00467,6.38,18.16,3.05,0,0,0,34.94
ETA-00468,7.19,20.94,4.81,0,0,0,43.81
ETA-00469,1.65,10.89,4.22,1,0,0,23.88
ETA-00470,2.94,10.65,5.34,1,0,1,31.15
ETA-00471,3.21,14.81,3.29,0,0,0,26.09
ETA-00472,3.77,15.67,4.23,0,0,0,27.02
ETA-00473,4.92,18.48,3.57,0,1,0,33.15
ETA-00474,5.82,22.42,5.03,0,0,0,38.4
ETA-00475,6.11,10.15,6.43,1,0,0,37.19
ETA-00476,6.47,13.42,3.25,1,0,0,36.23
ETA-00477,7.47,15.62,2.56,0,0,1,42.41
ETA-00478,1.29,17.39,4.31,0,0,0,21.57
ETA-00479,2.12,18.91,5.24,0,0,0,23.38
ETA-00480,2.91,22.33,5.28,0,0,0,29.37
ETA-00481,4.51,9.81,2.53,1,1,0,32.36
ETA-00482,4.09,12.25,4.01,1,0,0,32.22
ETA-00483,5.29,16.07,4.79,0,0,0,33.83
ETA-00484,5.47,16.58,4.33,0,0,1,40.39
ETA-00485,7.5,17.88,6.97,0,0,0,40.73
ETA-00486,7.41,23.08,3.03,0,0,0,43.98
ETA-00487,2.17,9.68,4.39,1,0,0,23.75
ETA-00488,3.2,14.03,4.05,1,0,0,30.09
ETA-00489,3.59,14.96,5.51,0,1,0,30.16
ETA-00490,3.57,17.35,6.16,0,0,0,31.06
ETA-00491,4.33,17.61,1.55,0,0,1,31.33
ETA-00492,5.71,22.18,3.46,0,0,0,37.91
ETA-00493,5.77,9.38,3.85,1,0,0,37.06
ETA-00494,7.19,10.85,5.82,1,0,0,41.31
ETA-00495,7.95,16.34,5.13,0,0,0,40.65
ETA-00496,1.35,15.33,2.7,0,0,0,20.03
ETA-00497,1.97,20.56,3.2,0,1,0,25.01
ETA-00498,2.93,23.45,3.41,0,0,1,32.32
ETA-00499,3.73,11.26,5.66,1,0,0,30.12
ETA-00500,4.9,13.09,5.74,1,0,0,34.56
ETA-00501,4.91,15.44,1.94,0,0,0,28.42
ETA-00502,5.49,18.99,4.16,0,0,0,36.87
ETA-00503,7.04,19.31,4.29,0,0,0,42.24
ETA-00504,8.21,22.69,5.77,0,0,0,45.45
ETA-00505,1.82,8.6,5.85,1,1,1,32.05
ETA-00506,2.61,13.8,2.1,1,0,0,26.53
ETA-00507,3.81,16.46,3.52,0,0,0,30.22
ETA-00508,4.14,15.74,3.79,0,0,0,27.34
ETA-00509,4.97,21.29,5.89,0,0,0,33.75
ETA-00510,5.79,20.76,5.64,0,0,0,38.74
ETA-00511,6.3,11.49,1.88,1,0,0,37.0
ETA-00512,7.19,12.64,3.36,1,0,1,46.25
ETA-00513,7.3,16.63,3.33,0,1,0,43.4
ETA-00514,2.64,15.67,6.2,0,0,0,26.21
ETA-00515,2.26,20.02,5.51,0,0,0,28.55
ETA-00516,3.43,23.1,2.26,0,0,0,28.73
ETA-00517,3.84,9.05,3.43,1,0,0,28.35
ETA-00518,4.15,14.33,4.24,1,0,0,34.13
ETA-00519,6.07,14.28,5.03,0,0,1,39.68
ETA-00520,5.73,15.78,5.62,0,0,0,37.6
ETA-00521,6.97,19.27,1.8,0,1,0,39.15
ETA-00522,7.37,23.33,3.4,0,0,0,42.68
ETA-00523,2.23,9.03,4.94,1,0,0,27.06
ETA-00524,2.86,12.36,4.54,1,0,0,29.29
ETA-00525,2.85,15.68,6.08,0,0,0,28.95
ETA-00526,4.11,17.77,1.62,0,0,1,29.46
ETA-00527,5.27,21.38,3.74,0,0,0,36.15
ETA-00528,5.32,23.37,3.76,0,0,0,36.93
ETA-00529,5.41,10.02,4.95,1,1,0,38.22
ETA-00530,7.1,12.87,6.07,1,0,0,42.5
ETA-00531,6.81,15.01,1.52,0,0,0,34.88
ETA-00532,1.61,19.11,2.43,0,0,0,22.84
ETA-00533,2.91,20.82,5.12,0,0,1,30.63
ETA-00534,2.74,20.6,4.58,0,0,0,27.52
ETA-00535,4.52,9.07,5.89,1,0,0,32.06
ETA-00536,4.61,12.66,3.48,1,0,0,31.05
ETA-00537,5.73,16.19,3.71,0,1,0,38.28
ETA-00538,6.54,15.57,4.06,0,0,0,36.7
ETA-00539,6.18,17.64,4.54,0,0,0,36.68
ETA-00540,7.45,23.14,6.23,0,0,1,50.5
ETA-00541,1.34,10.11,1.59,1,0,0,17.99
ETA-00542,3.2,13.95,3.35,1,0,0,26.25
ETA-00543,2.71,16.5,5.1,0,0,0,26.23
ETA-00544,3.35,18.92,4.83,0,0,0,31.05
ETA-00545,4.88,20.61,6.53,0,1,0,37.87
ETA-00546,4.82,20.65,1.98,0,0,0,33.19
ETA-00547,5.98,11.59,3.06,1,0,1,41.19
ETA-00548,6.31,14.35,4.75,1,0,0,39.6
ETA-00549,8.26,13.01,5.07,0,0,0,43.22
ETA-00550,1.71,18.28,7.01,0,0,0,24.82
ETA-00551,3.06,17.72,2.05,0,0,0,27.27
ETA-00552,3.34,21.42,4.28,0,0,0,29.0
ETA-00553,4.32,10.64,3.47,1,1,0,33.8
ETA-00554,5.2,13.25,4.36,1,0,1,37.68
ETA-00555,5.77,15.34,6.58,0,0,0,35.3
ETA-00556,5.56,15.22,2.12,0,0,0,30.79
ETA-00557,6.5,18.13,2.77,0,0,0,36.05
ETA-00558,7.63,21.63,3.35,0,0,0,41.17
ETA-00559,1.34,10.39,4.85,1,0,0,21.92
ETA-00560,2.34,11.95,5.27,1,0,0,28.68
ETA-00561,3.96,16.71,2.64,0,1,1,32.72
ETA-00562,3.87,15.76,3.0,0,0,0,27.25
ETA-00563,4.09,19.34,4.14,0,0,0,30.53
ETA-00564,4.82,21.01,4.69,0,0,0,34.74
ETA-00565,6.29,8.78,5.31,1,0,0,36.55
ETA-00566,7.52,11.73,2.74,1,0,0,41.88
ETA-00567,7.29,14.14,4.03,0,0,0,39.89
ETA-00568,2.66,15.74,3.94,0,0,1,30.71
ETA-00569,2.2,18.86,6.13,0,1,0,31.27
ETA-00570,3.04,22.78,6.08,0,0,0,31.03
ETA-00571,3.66,9.5,3.13,1,0,0,27.2
ETA-00572,4.17,12.66,3.58,1,0,0,31.37
ETA-00573,5.72,15.0,5.21,0,0,0,34.48
ETA-00574,6.46,16.95,4.78,0,0,0,38.42
ETA-00575,7.33,20.78,5.92,0,0,1,47.0
ETA-00576,7.75,20.97,2.82,0,0,0,42.58
ETA-00577,2.38,8.3,4.38,1,1,0,26.85
ETA-00578,2.5,12.43,5.14,1,0,0,28.23
ETA-00579,3.42,15.96,4.92,0,0,0,29.69
ETA-00580,4.11,17.75,5.27,0,0,0,32.32
ETA-00581,4.99,19.02,2.79,0,0,0,29.76
ETA-00582,6.18,22.71,3.2,0,0,1,43.12
ETA-00583,6.85,9.72,3.32,1,0,0,36.69
ETA-00584,6.87,12.48,5.36,1,0,0,41.41
ETA-00585,7.47,14.36,6.64,0,1,0,44.14
ETA-00586,1.95,16.58,1.55,0,0,0,18.42
ETA-00587,2.52,21.45,2.63,0,0,0,27.53
ETA-00588,2.81,21.25,4.21,0,0,0,26.1
ETA-00589,4.02,9.9,5.08,1,0,1,35.87
ETA-00590,4.48,11.6,6.72,1,0,0,32.53
ETA-00591,5.97,15.39,2.85,0,0,0,31.82
ETA-00592,6.88,16.18,2.75,0,0,0,34.88
ETA-00593,6.94,21.43,3.76,0,1,0,42.17
ETA-00594,7.08,22.56,5.06,0,0,0,39.8
ETA-00595,2.12,8.79,6.28,1,0,0,24.92
ETA-00596,2.96,11.22,3.0,1,0,1,31.87
ETA-00597,2.69,13.21,4.14,0,0,0,21.94
ETA-00598,3.79,17.03,3.82,0,0,0,30.16
ETA-00599,4.79,20.16,5.39,0,0,0,34.83
ETA-00600,5.58,21.39,6.79,0,0,0,39.12
ETA-00601,6.62,10.82,2.09,1,1,0,39.74
ETA-00602,6.23,10.94,2.64,1,0,0,34.94
ETA-00603,7.07,15.57,4.32,0,0,1,42.0
ETA-00604,1.41,16.73,4.57,0,0,0,22.19
ETA-00605,2.94,20.18,7.1,0,0,0,30.36
ETA-00606,3.33,20.56,2.13,0,0,0,26.75
ETA-00607,3.38,9.44,2.42,1,0,0,24.39
ETA-00608,5.22,14.26,4.31,1,0,0,35.75
ETA-00609,5.73,14.46,5.88,0,1,0,37.61
ETA-00610,5.52,15.32,6.62,0,0,1,38.52
ETA-00611,6.51,19.75,1.84,0,0,0,36.01
ETA-00612,7.91,23.06,3.5,0,0,0,41.61
ETA-00613,1.37,11.1,4.95,1,0,0,22.33
ETA-00614,3.13,10.57,5.64,1,0,0,29.07
ETA-00615,4.08,13.21,6.76,0,0,0,31.43
ETA-00616,3.75,19.2,2.4,0,0,0,27.17
ETA-00617,5.23,19.36,4.39,0,1,1,42.45
ETA-00618,5.06,23.24,4.48,0,0,0,34.93
ETA-00619,6.47,10.53,4.53,1,0,0,36.37
ETA-00620,6.41,11.23,5.22,1,0,0,38.18
ETA-00621,7.22,14.96,2.15,0,0,0,37.57
ETA-00622,1.63,16.27,4.12,0,0,0,24.01
ETA-00623,2.92,17.98,5.23,0,0,0,28.78
ETA-00624,3.98,23.97,5.93,0,0,1,36.2
ETA-00625,4.6,9.0,6.52,1,1,0,37.72
ETA-00626,5.14,13.1,2.48,1,0,0,33.75
ETA-00627,5.1,14.46,3.3,0,0,0,31.46
ETA-00628,6.72,15.57,4.33,0,0,0,36.13
ETA-00629,7.5,19.08,6.1,0,0,0,41.96
ETA-00630,6.8,23.1,6.57,0,0,0,44.04
ETA-00631,1.89,10.66,2.22,1,0,1,23.87
ETA-00632,2.7,11.27,3.26,1,0,0,24.23
ETA-00633,3.0,16.11,3.98,0,1,0,28.62
ETA-00634,4.15,17.14,4.89,0,0,0,31.39
ETA-00635,4.07,18.0,6.67,0,0,0,32.02
ETA-00636,4.89,23.43,2.38,0,0,0,30.85
ETA-00637,6.84,8.81,3.78,1,0,0,36.03
ETA-00638,7.07,11.04,5.17,1,0,1,43.81
ETA-00639,7.78,13.8,4.94,0,0,0,42.29
ETA-00640,1.45,16.79,5.71,0,0,0,23.69
ETA-00641,2.25,20.22,2.91,0,1,0,24.3
ETA-00642,3.32,20.53,2.85,0,0,0,28.5
ETA-00643,3.31,10.78,4.93,1,0,0,31.29
ETA-00644,4.63,10.93,4.34,1,0,0,31.89
ETA-00645,5.8,13.21,5.73,0,0,1,40.59
ETA-00646,5.61,18.29,3.01,0,0,0,32.0
ETA-00647,7.59,18.17,3.46,0,0,0,37.86
ETA-00648,7.78,21.76,4.74,0,0,0,44.32
ETA-00649,1.43,9.65,5.57,1,1,0,27.49
ETA-00650,2.03,10.8,6.6,1,0,0,26.84
ETA-00651,3.18,16.65,2.13,0,0,0,22.97
ETA-00652,3.72,15.54,3.51,0,0,1,31.78
ETA-00653,4.91,20.72,4.68,0,0,0,36.0
ETA-00654,5.69,21.21,5.24,0,0,0,37.45
ETA-00655,6.52,9.18,5.21,1,0,0,40.32
ETA-00656,7.53,12.38,1.73,1,0,0,39.77
ETA-00657,7.69,14.91,4.36,0,1,0,45.01
ETA-00658,2.6,15.73,5.02,0,0,0,25.5
ETA-00659,2.45,20.33,5.73,0,0,1,33.77
ETA-00660,3.76,20.07,5.24,0,0,0,29.71
ETA-00661,3.36,8.24,3.08,1,0,0,26.23
ETA-00662,4.94,12.4,3.23,1,0,0,34.11
ETA-00663,4.82,14.95,4.53,0,0,0,30.13
ETA-00664,5.86,17.25,4.61,0,0,0,37.12
ETA-00665,6.9,19.16,6.37,0,1,0,45.52
ETA-00666,7.82,20.26,2.9,0,0,1,46.72
ETA-00667,2.47,8.23,2.57,1,0,0,22.65
ETA-00668,2.58,12.84,3.92,1,0,0,27.81
ETA-00669,3.71,13.28,5.62,0,0,0,29.04
ETA-00670,3.55,19.01,6.15,0,0,0,32.01
ETA-00671,5.08,18.27,1.75,0,0,0,32.45
ETA-00672,5.1,23.55,3.94,0,0,0,33.1
ETA-00673,6.61,9.09,3.43,1,1,1,44.73
ETA-00674,6.96,10.71,5.11,1,0,0,39.6
ETA-00675,7.55,15.07,5.84,0,0,0,39.72
ETA-00676,1.35,17.5,2.95,0,0,0,18.86
ETA-00677,2.66,17.78,4.13,0,0,0,24.19
ETA-00678,3.31,21.53,3.6,0,0,0,30.85
ETA-00679,4.59,10.21,6.03,1,0,0,34.75
ETA-00680,4.63,11.69,5.93,1,0,1,39.45
ETA-00681,5.11,13.11,2.25,0,1,0,31.88
ETA-00682,6.75,15.92,4.01,0,0,0,39.61
ETA-00683,7.53,17.88,4.23,0,0,0,39.61
ETA-00684,8.07,21.31,5.31,0,0,0,42.43
ETA-00685,1.5,10.26,5.71,1,0,0,24.32
ETA-00686,2.6,12.77,2.49,1,0,0,26.71
ETA-00687,2.89,16.4,3.92,0,0,1,28.19
ETA-00688,3.31,16.84,3.77,0,0,0,25.96
ETA-00689,5.26,21.11,6.1,0,1,0,36.9
ETA-00690,5.69,23.4,6.55,0,0,0,37.58
ETA-00691,6.19,8.95,2.48,1,0,0,32.55
ETA-00692,7.6,13.25,2.59,1,0,0,43.26
ETA-00693,8.15,14.88,4.7,0,0,0,41.05
ETA-00694,2.66,15.54,4.39,0,0,1,26.96
ETA-00695,3.13,17.9,6.24,0,0,0,28.55
ETA-00696,4.05,20.95,2.02,0,0,0,28.38
ETA-00697,4.5,10.8,3.87,1,1,0,33.28
ETA-00698,4.41,10.7,3.71,1,0,0,32.52
ETA-00699,5.58,13.42,4.53,0,0,0,32.74
ETA-00700,6.01,17.34,7.03,0,0,0,36.8
ETA-00701,6.56,18.66,1.74,0,0,1,38.19
ETA-00702,7.83,23.31,3.79,0,0,0,41.38
ETA-00703,2.45,9.31,3.48,1,0,0,22.96
ETA-00704,2.43,12.45,5.55,1,0,0,26.23
ETA-00705,4.09,12.92,5.91,0,1,0,31.67
ETA-00706,4.42,16.2,2.42,0,0,0,30.19
ETA-00707,4.21,17.65,4.06,0,0,0,32.56
ETA-00708,4.9,23.29,4.04,0,0,1,39.56
ETA-00709,6.37,10.33,4.72,1,0,0,39.51
ETA-00710,6.13,10.66,6.9,1,0,0,39.03
ETA-00711,6.99,16.42,3.16,0,0,0,36.56
ETA-00712,1.26,17.04,2.74,0,0,0,19.91
ETA-00713,3.13,19.18,3.36,0,1,0,30.37
ETA-00714,2.86,20.86,4.57,0,0,0,26.77
ETA-00715,4.63,8.14,6.34,1,0,1,35.85
ETA-00716,4.44,12.05,2.6,1,0,0,28.63
ETA-00717,5.12,13.35,2.8,0,0,0,31.82
ETA-00718,6.19,17.72,4.9,0,0,0,38.55
ETA-00719,7.58,20.73,4.92,0,0,0,42.98
ETA-00720,7.53,23.65,6.1,0,0,0,44.42
ETA-00721,1.47,9.28,1.94,1,1,0,24.36
ETA-00722,3.07,10.63,4.38,1,0,1,31.79
ETA-00723,3.75,16.8,5.25,0,0,0,27.41
ETA-00724,4.29,16.27,5.83,0,0,0,33.45
ETA-00725,4.08,21.59,5.54,0,0,0,34.58
ETA-00726,5.9,21.42,3.18,0,0,0,38.02
ETA-00727,5.66,10.37,4.01,1,0,0,36.11
ETA-00728,7.47,10.51,4.7,1,0,0,43.65
ETA-00729,7.65,15.05,4.58,0,1,1,49.25
ETA-00730,2.52,17.17,5.72,0,0,0,26.14
ETA-00731,2.04,18.53,1.94,0,0,0,22.04
ETA-00732,2.6,23.67,2.8,0,0,0,24.88
ETA-00733,4.38,11.68,4.99,1,0,0,31.74
ETA-00734,4.03,12.75,6.03,1,0,0,34.33
ETA-00735,5.97,16.24,7.02,0,0,0,37.0
ETA-00736,6.81,16.78,1.7,0,0,1,38.8
ETA-00737,6.3,18.23,4.3,0,1,0,41.16
ETA-00738,8.24,22.6,3.65,0,0,0,46.84
ETA-00739,2.24,11.72,5.77,1,0,0,25.33
ETA-00740,2.78,11.1,5.71,1,0,0,28.99
ETA-00741,2.79,15.72,3.4,0,0,0,26.53
ETA-00742,3.89,19.18,4.33,0,0,0,27.75
ETA-00743,4.9,21.28,5.24,0,0,1,37.69
ETA-00744,5.55,23.75,4.48,0,0,0,38.65
ETA-00745,5.76,11.93,5.44,1,1,0,41.95
ETA-00746,6.23,13.24,2.78,1,0,0,39.01
ETA-00747,7.47,13.86,2.9,0,0,0,35.34
ETA-00748,1.58,15.63,3.3,0,0,0,19.83
ETA-00749,3.0,21.48,5.97,0,0,0,29.8
ETA-00750,3.17,22.18,5.3,0,0,1,34.08
ETA-00751,4.6,10.6,2.87,1,0,0,29.23
ETA-00752,4.11,13.78,2.99,1,0,0,30.03
ETA-00753,6.13,13.1,3.64,0,1,0,35.65
ETA-00754,6.5,17.39,6.0,0,0,0,36.84
ETA-00755,6.99,20.05,6.07,0,0,0,39.31
ETA-00756,8.21,20.66,3.28,0,0,0,41.49
ETA-00757,1.35,8.82,2.78,1,0,1,25.04
ETA-00758,2.98,13.32,3.83,1,0,0,26.89
ETA-00759,2.96,13.0,5.34,0,0,0,27.03
ETA-00760,3.53,16.64,5.96,0,0,0,28.27
ETA-00761,4.99,20.0,1.9,0,1,0,31.91
ETA-00762,4.96,21.17,2.56,0,0,0,34.43
ETA-00763,5.86,9.59,4.28,1,0,0,36.44
ETA-00764,6.24,12.58,4.57,1,0,1,44.45
ETA-00765,7.35,14.58,5.63,0,0,0,39.74
ETA-00766,1.54,16.27,1.62,0,0,0,20.31
ETA-00767,2.9,17.94,3.09,0,0,0,25.55
ETA-00768,4.06,22.36,4.41,0,0,0,33.82
ETA-00769,4.53,9.67,5.27,1,1,0,36.87
ETA-00770,4.71,13.93,6.05,1,0,0,33.51
ETA-00771,6.05,15.66,2.5,0,0,1,39.65
ETA-00772,6.6,17.91,3.64,0,0,0,35.4
ETA-00773,7.24,18.29,5.27,0,0,0,43.28
ETA-00774,8.01,20.5,5.05,0,0,0,46.54
ETA-00775,1.85,11.99,6.35,1,0,0,27.82
ETA-00776,2.29,14.04,3.33,1,0,0,23.55
ETA-00777,3.18,14.39,3.05,0,1,0,26.06
ETA-00778,3.99,18.69,4.87,0,0,1,35.38
ETA-00779,4.78,19.28,5.03,0,0,0,31.76
ETA-00780,5.58,23.03,6.98,0,0,0,41.57
ETA-00781,6.24,8.4,2.07,1,0,0,34.47
ETA-00782,6.62,12.04,3.17,1,0,0,38.02
ETA-00783,7.71,12.95,3.85,0,0,0,36.91
ETA-00784,2.11,17.97,4.28,0,0,0,25.93
ETA-00785,2.4,18.55,6.59,0,1,1,36.02
ETA-00786,3.95,20.08,3.13,0,0,0,28.61
ETA-00787,3.72,9.97,3.79,1,0,0,26.72
ETA-00788,5.3,10.94,5.25,1,0,0,35.09
ETA-00789,5.94,13.88,5.03,0,0,0,35.41
ETA-00790,5.68,16.05,6.75,0,0,0,37.61
ETA-00791,7.24,21.07,3.14,0,0,0,40.33
ETA-00792,7.04,21.24,3.41,0,0,1,42.23
ETA-00793,2.48,11.52,3.36,1,1,0,26.26
ETA-00794,3.15,13.75,4.7,1,0,0,29.26
ETA-00795,3.98,15.62,5.65,0,0,0,31.57
ETA-00796,4.06,17.74,1.75,0,0,0,25.3
ETA-00797,4.56,19.98,2.76,0,0,0,32.96
ETA-00798,5.58,21.4,3.63,0,0,0,37.67
ETA-00799,6.52,10.76,4.77,1,0,1,42.18
ETA-00800,6.34,12.69,7.03,1,0,0,42.78
ETA-00801,7.77,15.51,2.04,0,1,0,40.55
ETA-00802,1.23,18.32,3.94,0,0,0,18.65
ETA-00803,3.27,20.19,4.5,0,0,0,26.31
ETA-00804,2.98,23.22,4.81,0,0,0,31.85
ETA-00805,4.26,9.7,5.85,1,0,0,31.38
ETA-00806,4.38,12.27,2.85,1,0,1,36.69
ETA-00807,5.3,13.21,3.42,0,0,0,31.76
ETA-00808,6.66,16.7,4.59,0,0,0,38.34
ETA-00809,6.55,18.03,4.33,0,1,0,42.86
ETA-00810,7.76,23.45,5.62,0,0,0,46.22
ETA-00811,2.54,9.2,1.8,1,0,0,24.26
ETA-00812,3.25,13.62,4.0,1,0,0,29.6
ETA-00813,3.59,15.52,4.74,0,0,1,32.76
ETA-00814,4.8,16.24,5.04,0,0,0,31.67
ETA-00815,4.05,20.43,6.24,0,0,0,31.31
ETA-00816,5.79,20.89,2.57,0,0,0,36.59
ETA-00817,6.76,10.69,3.41,1,1,0,42.46
ETA-00818,7.36,13.91,3.66,1,0,0,39.66
ETA-00819,6.99,13.83,5.82,0,0,0,39.95
ETA-00820,1.47,17.92,5.77,0,0,1,25.36
ETA-00821,2.43,20.58,2.11,0,0,0,25.63
ETA-00822,3.1,21.04,2.99,0,0,0,29.03
ETA-00823,4.01,11.47,4.47,1,0,0,33.14
ETA-00824,4.11,13.96,5.2,1,0,0,34.84
ETA-00825,5.27,13.99,5.21,0,1,0,37.19
ETA-00826,5.61,16.0,2.32,0,0,0,32.53
ETA-00827,7.46,19.43,3.03,0,0,1,45.27
ETA-00828,7.97,21.95,4.56,0,0,0,42.57
ETA-00829,2.15,8.02,4.75,1,0,0,25.15
ETA-00830,2.15,13.46,6.08,1,0,0,28.81
ETA-00831,2.73,15.26,2.77,0,0,0,22.84
ETA-00832,4.75,16.73,2.48,0,0,0,28.48
ETA-00833,4.56,17.66,3.94,0,1,0,35.4
ETA-00834,4.99,22.71,5.45,0,0,1,38.94
ETA-00835,6.44,9.38,5.36,1,0,0,37.73
ETA-00836,6.98,11.07,3.15,1,0,0,37.75
ETA-00837,7.24,15.71,3.59,0,0,0,37.43
ETA-00838,2.53,19.18,3.99,0,0,0,27.57
ETA-00839,2.44,18.35,6.1,0,0,0,28.9
ETA-00840,3.21,20.91,6.55,0,0,0,28.91
ETA-00841,4.4,10.36,1.84,1,1,1,35.29
ETA-00842,4.98,10.55,4.15,1,0,0,32.0
ETA-00843,5.5,12.99,5.29,0,0,0,33.97
ETA-00844,6.38,15.28,5.58,0,0,0,36.76
ETA-00845,6.67,19.79,6.05,0,0,0,38.79
ETA-00846,7.84,22.52,2.1,0,0,0,42.64
ETA-00847,2.19,9.08,3.61,1,0,0,21.61
ETA-00848,3.15,10.82,4.74,1,0,1,30.39
ETA-00849,2.77,13.23,4.6,0,1,0,25.28
ETA-00850,3.69,17.29,5.5,0,0,0,30.69
ETA-00851,4.44,17.76,2.49,0,0,0,28.04
ETA-00852,6.1,21.32,2.41,0,0,0,37.03
ETA-00853,6.76,11.34,4.64,1,0,0,37.78
ETA-00854,6.24,12.45,5.65,1,0,0,37.34
ETA-00855,7.18,13.72,7.08,0,0,1,43.38
ETA-00856,1.9,15.6,1.85,0,0,0,17.77
ETA-00857,2.34,20.81,3.03,0,1,0,28.64
ETA-00858,2.74,23.03,3.39,0,0,0,29.17
ETA-00859,4.3,8.68,4.92,1,0,0,30.65
ETA-00860,4.93,13.91,5.29,1,0,0,37.18
ETA-00861,4.97,14.4,3.42,0,0,0,29.32
ETA-00862,5.98,18.6,4.0,0,0,1,40.85
ETA-00863,7.3,18.05,4.69,0,0,0,38.27
ETA-00864,8.21,20.64,5.03,0,0,0,45.22
ETA-00865,2.4,10.71,5.46,1,1,0,28.47
ETA-00866,2.44,10.52,2.87,1,0,0,25.87
ETA-00867,4.06,13.32,4.24,0,0,0,25.96
ETA-00868,3.92,15.38,3.82,0,0,0,27.08
ETA-00869,5.06,20.31,5.74,0,0,1,39.97
ETA-00870,5.55,23.91,6.44,0,0,0,38.45
ETA-00871,6.18,10.8,1.69,1,0,0,35.65
ETA-00872,6.47,11.78,3.75,1,0,0,37.46
ETA-00873,8.06,15.03,5.28,0,1,0,42.37
ETA-00874,2.17,15.83,5.9,0,0,0,26.42
ETA-00875,3.2,17.9,6.08,0,0,0,27.65
ETA-00876,4.06,20.2,1.95,0,0,1,33.75
ETA-00877,3.9,8.94,3.32,1,0,0,29.91
ETA-00878,4.67,13.83,4.19,1,0,0,31.87
ETA-00879,5.45,15.41,4.41,0,0,0,32.86
ETA-00880,6.24,15.2,5.28,0,0,0,36.96
ETA-00881,7.03,18.82,2.52,0,1,0,39.16
ETA-00882,7.81,23.8,3.13,0,0,0,41.01
ETA-00883,1.53,9.82,4.42,1,0,1,27.14
ETA-00884,2.61,13.03,5.63,1,0,0,26.39
ETA-00885,3.74,13.69,5.78,0,0,0,30.11
ETA-00886,4.75,16.37,2.54,0,0,0,30.89
ETA-00887,4.07,18.26,2.68,0,0,0,29.83
ETA-00888,5.78,20.43,4.52,0,0,0,35.12
ETA-00889,6.8,9.57,5.11,1,1,0,43.29
ETA-00890,7.18,10.83,5.93,1,0,1,48.0
ETA-00891,8.06,15.16,3.04,0,0,0,39.8
ETA-00892,2.19,19.02,2.67,0,0,0,23.25
ETA-00893,2.7,17.79,5.17,0,0,0,28.22
ETA-00894,3.32,22.03,6.04,0,0,0,29.53
ETA-00895,4.17,10.92,5.36,1,0,0,31.4
ETA-00896,4.9,13.93,2.51,1,0,0,32.44
ETA-00897,6.17,16.46,3.92,0,1,1,41.13
ETA-00898,6.85,19.08,4.21,0,0,0,37.28
ETA-00899,6.72,20.4,5.7,0,0,0,39.64
ETA-00900,7.85,23.44,6.52,0,0,0,48.43
ETA-00901,2.15,8.8,2.75,1,0,0,21.35
ETA-00902,2.42,13.09,4.36,1,0,0,27.37
ETA-00903,4.04,14.82,4.69,0,0,0,28.03
ETA-00904,3.47,16.61,5.16,0,0,1,32.83
ETA-00905,5.0,19.27,6.6,0,1,0,39.92
ETA-00906,5.13,23.39,3.12,0,0,0,34.85
ETA-00907,5.44,8.58,3.74,1,0,0,31.89
ETA-00908,7.23,11.04,3.87,1,0,0,38.92
ETA-00909,8.06,15.56,4.79,0,0,0,43.07
ETA-00910,1.25,18.46,5.3,0,0,0,24.29
ETA-00911,3.01,21.06,2.98,0,0,1,31.4
ETA-00912,2.96,23.14,4.0,0,0,0,27.63
ETA-00913,4.3,11.71,4.08,1,1,0,36.46
ETA-00914,5.46,11.65,5.3,1,0,0,33.8
ETA-00915,5.08,15.28,6.66,0,0,0,35.97
ETA-00916,6.64,18.85,2.91,0,0,0,37.92
ETA-00917,7.23,19.79,3.61,0,0,0,41.45
ETA-00918,8.25,21.18,3.65,0,0,1,48.9
ETA-00919,1.48,8.7,5.23,1,0,0,21.9
ETA-00920,2.54,12.63,5.36,1,0,0,28.1
ETA-00921,2.98,14.12,2.92,0,1,0,24.59
ETA-00922,3.53,16.49,2.5,0,0,0,28.28
ETA-00923,4.92,20.25,4.28,0,0,0,34.08
ETA-00924,5.24,23.14,4.84,0,0,0,35.11
ETA-00925,5.68,8.27,6.11,1,0,1,39.81
ETA-00926,6.91,10.77,1.94,1,0,0,35.88
ETA-00927,7.3,14.24,2.84,0,0,0,38.36
ETA-00928,2.0,19.19,4.95,0,0,0,27.2
ETA-00929,1.91,20.28,5.09,0,1,0,29.75
ETA-00930,3.52,22.48,7.02,0,0,0,33.76
ETA-00931,3.78,11.66,3.39,1,0,0,28.75
ETA-00932,4.81,11.53,4.22,1,0,1,38.91
ETA-00933,5.26,16.01,4.19,0,0,0,30.5
ETA-00934,6.75,15.97,5.23,0,0,0,40.56
ETA-00935,6.35,21.43,6.18,0,0,0,37.93
ETA-00936,6.9,22.68,3.05,0,0,0,41.67
ETA-00937,1.84,8.42,3.48,1,1,0,25.54
ETA-00938,3.36,13.5,4.59,1,0,0,32.12
ETA-00939,3.72,13.42,5.12,0,0,1,30.94
ETA-00940,3.43,15.42,6.69,0,0,0,29.38
ETA-00941,4.86,18.51,2.02,0,0,0,30.15
ETA-00942,5.65,21.73,2.43,0,0,0,35.85
ETA-00943,6.2,10.57,4.54,1,0,0,38.64
ETA-00944,6.98,13.2,4.35,1,0,0,42.93
ETA-00945,6.96,15.95,5.7,0,1,0,39.92
ETA-00946,2.35,16.95,2.29,0,0,1,27.38
ETA-00947,2.61,19.73,2.67,0,0,0,24.33
ETA-00948,3.8,22.18,5.22,0,0,0,30.18
ETA-00949,4.32,11.66,5.79,1,0,0,34.3
ETA-00950,4.56,14.2,6.21,1,0,0,35.69
ETA-00951,4.88,12.82,2.69,0,0,0,29.0
ETA-00952,6.82,16.42,3.9,0,0,0,39.56
ETA-00953,6.62,19.25,4.59,0,1,1,45.58
ETA-00954,7.04,20.88,5.87,0,0,0,40.47
ETA-00955,1.47,11.2,6.8,1,0,0,26.77
ETA-00956,3.3,14.38,2.42,1,0,0,28.43
ETA-00957,3.04,13.07,2.6,0,0,0,24.27
ETA-00958,4.03,16.52,3.56,0,0,0,29.41
ETA-00959,4.15,20.08,6.0,0,0,0,31.89
ETA-00960,5.38,22.47,5.71,0,0,1,41.95
ETA-00961,6.25,9.46,2.13,1,1,0,37.09
ETA-00962,6.11,11.38,2.84,1,0,0,37.12
ETA-00963,7.45,16.16,3.57,0,0,0,40.24
ETA-00964,2.52,17.05,4.92,0,0,0,24.44
ETA-00965,2.73,18.3,6.31,0,0,0,29.59
ETA-00966,3.89,20.56,2.58,0,0,0,27.95
ETA-00967,4.63,8.31,2.55,1,0,1,31.38
ETA-00968,4.76,10.52,4.46,1,0,0,32.33
ETA-00969,5.59,16.43,5.3,0,1,0,37.81
ETA-00970,6.9,17.09,6.65,0,0,0,39.89
ETA-00971,6.43,20.69,2.97,0,0,0,36.37
ETA-00972,7.5,22.04,3.19,0,0,0,41.55
ETA-00973,2.19,11.39,4.91,1,0,0,26.2
ETA-00974,2.15,12.46,5.09,1,0,1,28.65
ETA-00975,4.02,15.44,7.04,0,0,0,32.43
ETA-00976,4.03,16.64,1.94,0,0,0,27.17
ETA-00977,4.09,19.08,2.49,0,1,0,30.14
ETA-00978,6.06,21.45,4.24,0,0,0,37.53
ETA-00979,5.47,11.92,4.85,1,0,0,37.0
ETA-00980,6.88,13.72,6.77,1,0,0,41.71
ETA-00981,7.62,13.5,2.81,0,0,1,41.15
ETA-00982,2.18,18.54,3.43,0,0,0,23.07
ETA-00983,3.26,19.67,4.01,0,0,0,29.91
ETA-00984,3.33,21.93,5.41,0,0,0,30.57
ETA-00985,3.51,8.66,5.25,1,1,0,32.12
ETA-00986,4.32,11.15,2.22,1,0,0,30.79
ETA-00987,4.88,13.72,4.02,0,0,0,31.52
ETA-00988,6.12,17.12,3.72,0,0,1,37.93
ETA-00989,7.35,17.69,4.29,0,0,0,40.47
ETA-00990,7.04,22.52,5.18,0,0,0,42.48
ETA-00991,1.28,9.03,1.86,1,0,0,21.3
ETA-00992,2.8,12.65,2.44,1,0,0,26.97
ETA-00993,3.59,13.93,3.47,0,1,0,28.37
ETA-00994,4.79,18.67,4.54,0,0,0,34.49
ETA-00995,4.9,20.78,6.74,0,0,1,38.62
ETA-00996,5.69,21.06,2.95,0,0,0,34.48
ETA-00997,6.08,10.36,2.86,1,0,0,34.81
ETA-00998,6.26,11.21,5.02,1,0,0,38.29
ETA-00999,7.43,13.4,4.39,0,0,0,38.39
ETA-01000,2.12,15.36,6.67,0,0,0,25.0
ETA-01001,2.08,19.53,1.76,0,1,0,25.44
ETA-01002,3.84,23.59,3.95,0,0,1,36.42
ETA-01003,4.08,9.48,3.39,1,0,0,29.41
ETA-01004,4.34,13.61,5.78,1,0,0,33.49
ETA-01005,5.58,15.77,6.62,0,0,0,36.84
ETA-01006,5.55,15.74,2.45,0,0,0,30.66
ETA-01007,7.39,18.73,4.15,0,0,0,40.12
ETA-01008,7.08,22.84,4.88,0,0,0,42.51
ETA-01009,1.38,8.03,5.51,1,1,1,29.79
ETA-01010,2.37,11.85,5.41,1,0,0,27.61
ETA-01011,2.98,16.22,2.35,0,0,0,23.48
ETA-01012,3.71,17.92,3.91,0,0,0,28.15
ETA-01013,5.18,19.53,4.04,0,0,0,34.26
ETA-01014,5.08,21.23,4.89,0,0,0,36.23
ETA-01015,6.5,11.42,6.42,1,0,0,41.61
ETA-01016,6.77,13.2,1.82,1,0,1,40.54
ETA-01017,7.4,14.15,3.5,0,1,0,41.54
ETA-01018,2.26,15.84,5.23,0,0,0,21.87
ETA-01019,2.04,18.18,6.05,0,0,0,25.13
ETA-01020,2.7,20.89,5.26,0,0,0,25.69
ETA-01021,3.88,11.94,2.73,1,0,0,29.26
ETA-01022,5.07,12.79,4.29,1,0,0,36.23
ETA-01023,5.66,14.56,3.7,0,0,1,37.81
ETA-01024,6.61,16.34,4.27,0,0,0,37.68
ETA-01025,6.87,18.53,5.44,0,1,0,40.31
ETA-01026,7.16,20.0,1.81,0,0,0,40.81
ETA-01027,2.37,9.41,3.19,1,0,0,24.18
ETA-01028,2.68,13.35,3.44,1,0,0,24.66
ETA-01029,3.03,16.12,6.03,0,0,0,26.81
ETA-01030,4.74,16.31,6.31,0,0,1,35.79
ETA-01031,5.39,19.9,2.02,0,0,0,32.52
ETA-01032,4.86,20.29,2.99,0,0,0,34.62
ETA-01033,6.6,11.83,5.05,1,1,0,43.79
ETA-01034,6.96,13.18,6.13,1,0,0,42.64
ETA-01035,7.95,15.83,7.02,0,0,0,43.38
ETA-01036,1.89,17.55,1.55,0,0,0,18.73
ETA-01037,2.0,20.13,4.39,0,0,1,29.69
ETA-01038,2.94,21.26,5.21,0,0,0,28.95
ETA-01039,3.31,11.33,4.7,1,0,0,26.85
ETA-01040,5.01,13.68,5.25,1,0,0,37.87
ETA-01041,5.41,14.21,3.29,0,1,0,33.07
ETA-01042,6.82,17.93,4.22,0,0,0,38.5
ETA-01043,6.4,20.54,5.05,0,0,0,37.66
ETA-01044,7.1,21.0,5.44,0,0,1,44.24
ETA-01045,1.36,11.68,6.45,1,0,0,25.39
ETA-01046,2.82,13.46,2.58,1,0,0,24.13
ETA-01047,3.32,15.28,3.38,0,0,0,28.14
ETA-01048,4.65,18.68,4.28,0,0,0,34.59
ETA-01049,5.37,18.72,4.64,0,1,0,37.73
ETA-01050,4.78,23.2,6.06,0,0,0,36.42
ETA-01051,6.15,9.57,2.87,1,0,1,37.73
ETA-01052,7.56,13.19,3.32,1,0,0,42.61
ETA-01053,6.82,13.64,4.46,0,0,0,35.92
ETA-01054,2.12,16.24,5.3,0,0,0,22.84
ETA-01055,2.61,20.05,5.83,0,0,0,27.85
ETA-01056,2.92,22.8,2.24,0,0,0,28.6
ETA-01057,3.72,8.72,2.66,1,1,0,30.13
ETA-01058,4.34,10.8,3.84,1,0,1,33.85
ETA-01059,5.35,14.32,4.49,0,0,0,34.87
ETA-01060,5.62,18.42,5.45,0,0,0,36.11
ETA-01061,7.59,21.0,2.53,0,0,0,41.86
ETA-01062,7.98,21.2,3.52,0,0,0,43.29
ETA-01063,1.8,10.76,3.42,1,0,0,24.37
ETA-01064,2.61,12.92,5.1,1,0,0,26.97
ETA-01065,3.14,15.04,6.96,0,1,1,33.75
ETA-01066,3.33,15.68,3.23,0,0,0,28.1
ETA-01067,4.3,19.9,3.7,0,0,0,29.49
ETA-01068,5.87,21.42,4.65,0,0,0,37.46
ETA-01069,6.5,11.56,4.96,1,0,0,38.05
ETA-01070,7.05,10.98,5.44,1,0,0,42.53
ETA-01071,7.31,15.33,2.64,0,0,0,39.18
ETA-01072,1.31,15.85,2.86,0,0,1,22.45
ETA-01073,2.34,18.67,4.59,0,1,0,26.74
ETA-01074,3.27,23.45,4.93,0,0,0,31.06
ETA-01075,4.75,9.66,5.47,1,0,0,30.91
ETA-01076,5.09,13.05,3.38,1,0,0,35.0
ETA-01077,4.82,13.47,2.61,0,0,0,26.67
ETA-01078,6.72,17.39,3.35,0,0,0,36.66
ETA-01079,7.25,17.93,4.72,0,0,1,42.67
ETA-01080,7.78,23.54,5.72,0,0,0,44.1
ETA-01081,1.63,10.51,1.76,1,1,0,24.96
ETA-01082,1.94,13.05,4.12,1,0,0,24.02
ETA-01083,3.31,16.7,4.38,0,0,0,26.08
ETA-01084,3.97,19.08,5.6,0,0,0,29.82
ETA-01085,4.9,20.12,6.37,0,0,0,35.8
ETA-01086,5.49,22.56,2.12,0,0,1,37.91
ETA-01087,6.21,11.22,3.28,1,0,0,35.88
ETA-01088,6.49,11.61,3.3,1,0,0,39.19
ETA-01089,8.07,14.18,5.14,0,1,0,41.67
ETA-01090,2.58,18.99,6.05,0,0,0,25.03
ETA-01091,2.55,18.77,1.96,0,0,0,21.15
ETA-01092,3.16,21.65,3.52,0,0,0,27.68
ETA-01093,3.54,10.95,4.08,1,0,1,32.37
ETA-01094,4.39,12.09,4.68,1,0,0,33.88
ETA-01095,6.06,16.03,6.47,0,0,0,36.25
ETA-01096,6.51,18.44,2.33,0,0,0,37.84
ETA-01097,6.37,18.76,3.67,0,1,0,40.18
ETA-01098,7.21,22.49,3.68,0,0,0,38.88
ETA-01099,1.27,10.14,4.57,1,0,0,19.92
ETA-01100,2.3,13.26,6.55,1,0,1,31.06
ETA-01101,2.83,14.77,2.18,0,0,0,21.94
ETA-01102,4.5,19.19,3.33,0,0,0,32.54
ETA-01103,4.5,20.97,5.2,0,0,0,31.35
ETA-01104,5.86,20.29,5.14,0,0,0,35.88
ETA-01105,6.66,11.27,6.76,1,1,0,41.81
ETA-01106,7.25,11.4,3.04,1,0,0,39.36
ETA-01107,7.91,12.93,3.32,0,0,1,44.28
ETA-01108,1.98,19.13,4.25,0,0,0,24.98
ETA-01109,2.37,18.89,5.46,0,0,0,23.97
ETA-01110,4.01,22.08,5.61,0,0,0,33.61
ETA-01111,3.6,11.55,3.23,1,0,0,27.15
ETA-01112,4.17,12.93,3.05,1,0,0,29.13
ETA-01113,5.11,13.28,4.88,0,1,0,31.85
ETA-01114,5.46,18.33,5.15,0,0,1,39.89
ETA-01115,6.66,17.96,5.42,0,0,0,37.06
ETA-01116,7.73,23.72,3.49,0,0,0,43.9
ETA-01117,1.29,10.58,3.8,1,0,0,22.94
ETA-01118,2.09,11.33,5.26,1,0,0,27.05
ETA-01119,3.74,16.02,5.08,0,0,0,27.34
ETA-01120,4.33,16.63,5.37,0,0,0,33.23
ETA-01121,4.73,19.35,2.09,0,1,1,38.44
ETA-01122,4.98,20.75,3.1,0,0,0,34.23
ETA-01123,5.81,11.33,5.13,1,0,0,37.3
ETA-01124,6.2,11.02,4.79,1,0,0,36.61
ETA-01125,7.35,12.8,6.38,0,0,0,39.18
ETA-01126,1.48,15.27,3.21,0,0,0,21.23
ETA-01127,2.26,20.48,3.72,0,0,0,25.26
ETA-01128,3.18,22.1,4.3,0,0,1,33.53
ETA-01129,4.22,9.29,5.48,1,1,0,32.15
ETA-01130,4.78,10.67,6.77,1,0,0,33.16
ETA-01131,6.01,13.61,2.47,0,0,0,30.47
ETA-01132,6.26,18.55,3.72,0,0,0,36.73
ETA-01133,7.15,18.62,4.03,0,0,0,40.2
ETA-01134,6.91,23.72,4.62,0,0,0,41.71
ETA-01135,2.53,8.32,6.7,1,0,1,28.82
ETA-01136,2.74,14.15,2.33,1,0,0,25.6
ETA-01137,3.66,16.09,2.93,0,1,0,27.03
ETA-01138,3.41,16.42,5.19,0,0,0,30.43
ETA-01139,4.15,20.5,5.26,0,0,0,30.77
ETA-01140,5.49,21.0,6.35,0,0,0,36.08
ETA-01141,6.52,9.66,1.71,1,0,0,36.09
ETA-01142,6.64,12.23,3.73,1,0,1,44.76
ETA-01143,7.05,13.52,4.1,0,0,0,36.32
ETA-01144,1.44,19.19,5.09,0,0,0,22.44
ETA-01145,2.37,21.57,5.75,0,1,0,29.69
ETA-01146,3.75,21.72,2.95,0,0,0,30.1
ETA-01147,4.14,8.86,3.93,1,0,0,31.79
ETA-01148,4.38,14.25,4.19,1,0,0,32.55
ETA-01149,5.79,16.73,5.39,0,0,1,40.02
ETA-01150,6.89,16.41,5.7,0,0,0,37.98
ETA-01151,7.38,17.69,3.14,0,0,0,40.11
ETA-01152,7.21,22.21,3.51,0,0,0,43.13
ETA-01153,1.43,8.15,4.01,1,1,0,21.8
ETA-01154,2.45,12.73,4.67,1,0,0,28.38
ETA-01155,2.74,14.4,6.94,0,0,0,27.89
ETA-01156,4.39,18.37,1.85,0,0,1,34.77
ETA-01157,5.03,19.9,4.22,0,0,0,34.32
ETA-01158,5.15,22.92,4.45,0,0,0,33.68
ETA-01159,5.48,11.08,4.9,1,0,0,37.27
ETA-01160,6.72,13.87,6.84,1,0,0,41.16
ETA-01161,7.78,15.21,1.52,0,1,0,41.82
ETA-01162,1.77,16.42,2.48,0,0,0,20.81
ETA-01163,2.12,19.61,3.74,0,0,1,26.12
ETA-01164,3.7,21.57,5.09,0,0,0,31.73
ETA-01165,4.06,8.89,5.68,1,0,0,30.47
ETA-01166,4.2,10.73,2.64,1,0,0,27.27
ETA-01167,5.3,13.14,3.4,0,0,0,32.27
ETA-01168,5.6,15.74,4.42,0,0,0,33.86
ETA-01169,7.08,18.38,5.43,0,1,0,44.38
ETA-01170,7.17,20.29,6.65,0,0,1,46.06
ETA-01171,2.59,8.36,2.84,1,0,0,23.26
ETA-01172,2.42,11.68,3.59,1,0,0,22.91
ETA-01173,3.06,16.75,4.53,0,0,0,29.05
ETA-01174,3.96,15.78,4.29,0,0,0,30.33
ETA-01175,4.3,19.1,6.62,0,0,0,35.15
ETA-01176,4.87,20.22,3.4,0,0,0,34.89
ETA-01177,6.7,11.28,2.43,1,1,1,45.0
ETA-01178,6.27,12.2,3.35,1,0,0,35.79
ETA-01179,7.61,13.62,5.25,0,0,0,38.74
ETA-01180,1.92,18.12,5.38,0,0,0,25.44
ETA-01181,1.93,19.93,2.83,0,0,0,20.72
ETA-01182,2.86,21.14,3.98,0,0,0,28.05
ETA-01183,3.38,10.62,3.32,1,0,0,26.99
ETA-01184,4.41,13.81,5.52,1,0,1,40.07
ETA-01185,4.73,16.27,6.4,0,1,0,34.5
ETA-01186,5.97,19.11,1.7,0,0,0,33.21
ETA-01187,7.4,19.73,2.77,0,0,0,39.81
ETA-01188,7.49,23.71,3.34,0,0,0,41.13
ETA-01189,1.99,9.33,4.99,1,0,0,22.44
ETA-01190,2.42,11.81,6.35,1,0,0,26.51
ETA-01191,4.07,14.81,3.12,0,0,1,32.32
ETA-01192,4.62,18.76,4.03,0,0,0,29.54
ETA-01193,4.83,18.72,3.6,0,1,0,36.72
ETA-01194,5.69,20.35,4.96,0,0,0,39.06
ETA-01195,6.32,10.5,5.55,1,0,0,37.31
ETA-01196,6.33,14.28,3.32,1,0,0,37.48
ETA-01197,7.61,13.63,2.68,0,0,0,37.84
ETA-01198,2.4,18.65,3.92,0,0,1,29.99
ETA-01199,2.69,18.14,6.19,0,0,0,29.95
ETA-01200,2.82,23.73,6.93,0,0,0,30.24
